method,level,identity_stratum,n_report,n_assigned,coverage,micro_precision,micro_ci95_lo,micro_ci95_hi,macro_precision,n_distinct_labels
embedding_1nn,specific,<30%,468,468,1.0,0.2799145299145299,0.24115674987828734,0.32225605645332894,0.2119793786460453,351
cluster_id30,specific,<30%,468,84,0.1794871794871795,0.8571428571428571,0.7666970498084034,0.9163506178114942,0.8307692307692308,65
cluster_id50,specific,<30%,468,0,0.0,,,,,0
cluster_id70,specific,<30%,468,0,0.0,,,,,0
cluster_id90,specific,<30%,468,0,0.0,,,,,0
embedding_calibrated,specific,<30%,468,48,0.10256410256410256,0.875,0.7529927291394518,0.9414302824959915,0.8333333333333334,33
tiered,specific,<30%,468,48,0.10256410256410256,0.875,0.7529927291394518,0.9414302824959915,0.8333333333333334,33
embedding_1nn,L1,<30%,468,468,1.0,0.4658119658119658,0.42107931524707326,0.5111013148626924,0.3774569323089887,26
cluster_id30,L1,<30%,468,84,0.1794871794871795,0.9523809523809523,0.8838651569729798,0.9813285553455571,0.9675264550264551,18
cluster_id50,L1,<30%,468,0,0.0,,,,,0
cluster_id70,L1,<30%,468,0,0.0,,,,,0
cluster_id90,L1,<30%,468,0,0.0,,,,,0
embedding_calibrated,L1,<30%,468,57,0.12179487179487179,0.9473684210526315,0.8563022233952869,0.9819400319037189,0.9458333333333333,12
tiered,L1,<30%,468,127,0.27136752136752135,0.9606299212598425,0.9111425632265358,0.9830684522303219,0.9695707584596475,18
embedding_1nn,category,<30%,468,468,1.0,0.7307692307692307,0.688823223875519,0.7689575228835628,0.7043774700576222,3
cluster_id30,category,<30%,468,84,0.1794871794871795,0.9761904761904762,0.9172839887867145,0.9934462347064822,0.975925925925926,3
cluster_id50,category,<30%,468,0,0.0,,,,,0
cluster_id70,category,<30%,468,0,0.0,,,,,0
cluster_id90,category,<30%,468,0,0.0,,,,,0
embedding_calibrated,category,<30%,468,125,0.2670940170940171,0.84,0.7657523225480249,0.8939724868303125,0.8351482153660013,3
tiered,category,<30%,468,183,0.391025641025641,0.8961748633879781,0.8435383807295037,0.9325200559355645,0.8943157498331425,3
embedding_1nn,specific,30-50%,6411,6411,1.0,0.31243175791608174,0.30120129530889983,0.32388687522363535,0.21185714988120682,2163
cluster_id30,specific,30-50%,6411,4652,0.725627827172048,0.8566208082545141,0.846255388506722,0.8663977223723077,0.8354706939026815,1529
cluster_id50,specific,30-50%,6411,126,0.019653720168460457,0.9523809523809523,0.8999970658645753,0.9779958116107486,0.9537037037037037,108
cluster_id70,specific,30-50%,6411,0,0.0,,,,,0
cluster_id90,specific,30-50%,6411,0,0.0,,,,,0
embedding_calibrated,specific,30-50%,6411,916,0.14287942598658557,0.8951965065502183,0.8736827341659279,0.9134093042893887,0.8272374098294344,326
tiered,specific,30-50%,6411,1026,0.16003743565746373,0.9005847953216374,0.880754419125281,0.9174265826909207,0.8487833594976454,392
embedding_1nn,L1,30-50%,6411,6411,1.0,0.5446888160973327,0.5324751736022189,0.5568489337927323,0.4909048489431013,28
cluster_id30,L1,30-50%,6411,4717,0.735766651068476,0.9408522365910537,0.933754537831106,0.9472324455067803,0.935242535991793,28
cluster_id50,L1,30-50%,6411,127,0.01980970207455935,0.9921259842519685,0.9567449252236082,0.9986087237687615,0.9966666666666667,20
cluster_id70,L1,30-50%,6411,0,0.0,,,,,0
cluster_id90,L1,30-50%,6411,0,0.0,,,,,0
embedding_calibrated,L1,30-50%,6411,1062,0.16565278427702387,0.9369114877589454,0.9206560187068844,0.9500174472190093,0.8711906884244394,26
tiered,L1,30-50%,6411,4914,0.7664950865699579,0.9399674399674399,0.9329756232416089,0.9462718905457403,0.9246929028036409,28
embedding_1nn,category,30-50%,6411,6411,1.0,0.8524411168304477,0.8435483218754177,0.8609117851364217,0.7991568590243814,3
cluster_id30,category,30-50%,6411,4739,0.7391982530026517,0.9928254906098333,0.989991389654066,0.9948612354051389,0.9898307125636797,3
cluster_id50,category,30-50%,6411,127,0.01980970207455935,1.0,0.9706393073762475,1.0,1.0,3
cluster_id70,category,30-50%,6411,0,0.0,,,,,0
cluster_id90,category,30-50%,6411,0,0.0,,,,,0
embedding_calibrated,category,30-50%,6411,2227,0.3473717048822337,0.9402784014369107,0.9296573692700043,0.9493830789626267,0.9288870801442423,3
tiered,category,30-50%,6411,5214,0.8132896583996256,0.9848484848484849,0.9811578109894504,0.9878252259812387,0.9789252817817554,3
embedding_1nn,specific,<50%,6879,6879,1.0,0.31021950864951303,0.299396378597057,0.3212544874638444,0.20432142442559717,2284
cluster_id30,specific,<50%,6879,4736,0.6884721616514028,0.8566300675675675,0.8463598386145896,0.8663222054435915,0.8341114370096566,1545
cluster_id50,specific,<50%,6879,126,0.01831661578717837,0.9523809523809523,0.8999970658645753,0.9779958116107486,0.9537037037037037,108
cluster_id70,specific,<50%,6879,0,0.0,,,,,0
cluster_id90,specific,<50%,6879,0,0.0,,,,,0
embedding_calibrated,specific,<50%,6879,964,0.14013664776857102,0.8941908713692946,0.8731842036296847,0.9120682591700132,0.8196971338983172,338
tiered,specific,<50%,6879,1074,0.15612734409071086,0.8994413407821229,0.8800067528859109,0.9160285829185338,0.8426790675549981,403
embedding_1nn,L1,<50%,6879,6879,1.0,0.5393225759558076,0.5275246851669881,0.5510765716162569,0.48316769135505827,28
cluster_id30,L1,<50%,6879,4801,0.6979212094781219,0.9410539470943553,0.9340323367590578,0.9473702884596381,0.9347657805988144,28
cluster_id50,L1,<50%,6879,127,0.018461985753743276,0.9921259842519685,0.9567449252236082,0.9986087237687615,0.9966666666666667,20
cluster_id70,L1,<50%,6879,0,0.0,,,,,0
cluster_id90,L1,<50%,6879,0,0.0,,,,,0
embedding_calibrated,L1,<50%,6879,1119,0.1626689925861317,0.9374441465594281,0.9217040886082531,0.9501909320251113,0.8715339460824574,26
tiered,L1,<50%,6879,5041,0.7328100014536997,0.9404879984130133,0.9336154925967806,0.9466896491939945,0.924560752628855,28
embedding_1nn,category,<50%,6879,6879,1.0,0.844163395842419,0.8354003476673051,0.8525422602230173,0.7910865031196331,3
cluster_id30,category,<50%,6879,4823,0.7011193487425498,0.9925357661206717,0.9896840952634495,0.9946034355310144,0.9897058680918706,3
cluster_id50,category,<50%,6879,127,0.018461985753743276,1.0,0.9706393073762475,1.0,1.0,3
cluster_id70,category,<50%,6879,0,0.0,,,,,0
cluster_id90,category,<50%,6879,0,0.0,,,,,0
embedding_calibrated,category,<50%,6879,2352,0.3419101613606629,0.9349489795918368,0.9242557648364429,0.9442236779240551,0.9232722322049836,3
tiered,category,<50%,6879,5397,0.7845617095508068,0.9818417639429312,0.977921486818337,0.9850765762983444,0.9751199113737897,3
embedding_1nn,specific,50-90%,30434,30434,1.0,0.36005783005848724,0.35468277113177793,0.3654682135556514,0.2396235304670684,3912
cluster_id30,specific,50-90%,30434,27884,0.9162121311690872,0.8578754841486157,0.8537276698639453,0.8619247024587662,0.8497758358496438,3180
cluster_id50,specific,50-90%,30434,20037,0.6583755010843136,0.9452013774517143,0.9419639060499426,0.9482681688345772,0.9232498658718303,2974
cluster_id70,specific,50-90%,30434,5772,0.18965630544785436,0.9731462231462231,0.9686505866063573,0.9770124662031241,0.9597093928402922,1645
cluster_id90,specific,50-90%,30434,518,0.017020437668397188,0.974903474903475,0.9575388568133115,0.9852759743538474,0.9702177799447423,293
embedding_calibrated,specific,50-90%,30434,5492,0.18045606887034238,0.9351784413692644,0.9283576727828067,0.941390829430212,0.86167153673956,981
tiered,specific,50-90%,30434,21348,0.7014523230597358,0.9424302042345887,0.9392252340182065,0.9454759713335604,0.9181077765031945,3029
embedding_1nn,L1,50-90%,30434,30434,1.0,0.5662417033580863,0.5606656604506285,0.5718010253606282,0.5331827944444957,28
cluster_id30,L1,50-90%,30434,28110,0.9236380364066504,0.9435076485236571,0.9407476099811994,0.9461464813620483,0.9450011984793188,28
cluster_id50,L1,50-90%,30434,20186,0.6632713412630611,0.9803329039928663,0.9783239870150725,0.9821590313360967,0.9800312673241722,28
cluster_id70,L1,50-90%,30434,5799,0.19054347111782874,0.9899982755647525,0.9870931213342127,0.9922546520049733,0.9882442018638476,27
cluster_id90,L1,50-90%,30434,520,0.017086153643950844,0.9903846153846154,0.977690598210156,0.9958861471266023,0.9794148001756698,23
embedding_calibrated,L1,50-90%,30434,6251,0.20539528159295525,0.9561670132778756,0.9508055253315435,0.9609681637095986,0.9251186516827288,28
tiered,L1,50-90%,30434,28303,0.9299796280475784,0.9432568985619899,0.9405009281840837,0.9458925576931962,0.9440674042542453,28
embedding_1nn,category,50-90%,30434,30434,1.0,0.894032989419728,0.8905250097218039,0.8974415062745208,0.8248268265908051,3
cluster_id30,category,50-90%,30434,28188,0.9262009594532431,0.9945366822761459,0.9936061942149798,0.9953323928973997,0.9901560215724103,3
cluster_id50,category,50-90%,30434,20265,0.6658671222974305,0.9970885763631878,0.9962466464475842,0.9977420776046083,0.9942754342850065,3
cluster_id70,category,50-90%,30434,5814,0.19103634093448119,0.9977640178878568,0.9961778881738457,0.9986927868888784,0.9950575769957091,3
cluster_id90,category,50-90%,30434,520,0.017086153643950844,0.9980769230769231,0.9891880796810493,0.9996604577394226,0.9985569985569986,3
embedding_calibrated,category,50-90%,30434,12427,0.40832621410264835,0.962179126096403,0.9586797453938425,0.9653928451538483,0.9435598432907453,3
tiered,category,50-90%,30434,28766,0.94519287638825,0.9922130292706668,0.9911294603320939,0.993165149061932,0.9857208932849687,3
embedding_1nn,specific,>=90%,4644,4644,1.0,0.5622308354866494,0.5479163250899521,0.5764424740567313,0.3628068710594063,1547
cluster_id30,specific,>=90%,4644,4425,0.9528423772609819,0.8931073446327683,0.8836600720769832,0.9018726505202757,0.8854378006277757,1286
cluster_id50,specific,>=90%,4644,4157,0.8951335055986219,0.9740197257637719,0.9687286968937724,0.9784354537434449,0.9609023750060945,1253
cluster_id70,specific,>=90%,4644,3826,0.8238587424633936,0.9903293256664925,0.9866992656943177,0.9929757161639399,0.9879907208610527,1133
cluster_id90,specific,>=90%,4644,3460,0.7450473729543498,0.9933526011560694,0.990044516984398,0.9955663723819056,0.989159920566467,1054
embedding_calibrated,specific,>=90%,4644,1840,0.3962101636520241,0.9451086956521739,0.9337435487827414,0.9546190958175323,0.9275806640736172,426
tiered,specific,>=90%,4644,4221,0.9089147286821705,0.9715707178393745,0.9661120755480255,0.9761717724428671,0.9564513333426188,1266
embedding_1nn,L1,>=90%,4644,4644,1.0,0.7151162790697675,0.701960909762591,0.7279160464572596,0.650545127603568,28
cluster_id30,L1,>=90%,4644,4443,0.9567183462532299,0.9635381498987171,0.9576140243223249,0.9686613797757208,0.9490017697321865,28
cluster_id50,L1,>=90%,4644,4168,0.8975021533161068,0.9889635316698656,0.985311182025189,0.9917153666338012,0.9753936292037253,28
cluster_id70,L1,>=90%,4644,3829,0.8245047372954349,0.9963436928702011,0.9938716904234224,0.9978207395481162,0.9888040596272694,28
cluster_id90,L1,>=90%,4644,3465,0.7461240310077519,0.9974025974025974,0.9950705974202803,0.9986328913755183,0.9981265220003479,28
embedding_calibrated,L1,>=90%,4644,2024,0.43583118001722654,0.9767786561264822,0.9692583763200329,0.9824924902170773,0.9646189092212003,28
tiered,L1,>=90%,4644,4473,0.9631782945736435,0.9628884417616812,0.9569395193602169,0.968042950423838,0.9484719497617269,28
embedding_1nn,category,>=90%,4644,4644,1.0,0.8987941429801894,0.889787379657095,0.9071416723140393,0.8909581278122888,3
cluster_id30,category,>=90%,4644,4452,0.958656330749354,0.9941599281221922,0.9914563640741297,0.9960114130569065,0.9911528575678075,3
cluster_id50,category,>=90%,4644,4171,0.8981481481481481,0.9983217453847998,0.9965395819027691,0.9991868188306143,0.9973675953947693,3
cluster_id70,category,>=90%,4644,3843,0.8275193798449613,0.9992193598750976,0.9977071594781768,0.9997344819972611,0.99860529986053,3
cluster_id90,category,>=90%,4644,3466,0.7463393626184324,0.9997114829774957,0.9983673957805523,0.9999490691554838,0.9994926433282597,3
embedding_calibrated,category,>=90%,4644,2697,0.5807493540051679,0.9755283648498332,0.9689856899358484,0.9807182838181103,0.9735840162488433,3
tiered,category,>=90%,4644,4509,0.9709302325581395,0.9931248613883344,0.9902579420422061,0.9951522261320992,0.9901456204867364,3
embedding_1nn,specific,all,41957,41957,1.0,0.3742641275591677,0.3696452236129406,0.37890605425275403,0.23797480212203972,4516
cluster_id30,specific,all,41957,37045,0.8829277593726911,0.8619246861924686,0.8583740929291443,0.8654002234046758,0.8517177082032362,3559
cluster_id50,specific,all,41957,24320,0.5796410610863503,0.9501644736842105,0.9473577575945057,0.9528289958005666,0.9275556585242642,3182
cluster_id70,specific,all,41957,9598,0.22875801415735159,0.9799958324650969,0.976996613925227,0.9826109680203033,0.9685660035860618,2060
cluster_id90,specific,all,41957,3978,0.09481135448196963,0.9909502262443439,0.9874972425199809,0.9934558923309887,0.9849047895524442,1181
embedding_calibrated,specific,all,41957,8296,0.19772624353504778,0.9326181292189006,0.9270209985770104,0.9378147833492374,0.8675756008925374,1177
tiered,specific,all,41957,26643,0.6350072693471888,0.9453139661449537,0.9425190317993575,0.9479805011734359,0.9203149543090511,3256
embedding_1nn,L1,all,41957,41957,1.0,0.5783063612746383,0.5735740814891329,0.5830243028483252,0.545616249940083,28
cluster_id30,L1,all,41957,37354,0.8902924422623162,0.9455747711088505,0.9432280428703332,0.9478298602179438,0.9450754608781884,28
cluster_id50,L1,all,41957,24481,0.5834783230450223,0.9818634859687104,0.9801146606148652,0.9834611053806968,0.9792905581851742,28
cluster_id70,L1,all,41957,9628,0.22947303191362586,0.9925218113834648,0.990593635240681,0.9940571090157444,0.9893691355182144,28
cluster_id90,L1,all,41957,3985,0.09497819195843363,0.9964868255959849,0.9941112355894921,0.9979060959585941,0.9961450850623977,28
embedding_calibrated,L1,all,41957,9394,0.22389589341468646,0.9583776878858846,0.9541479033695288,0.962232725986897,0.9326956624844894,28
tiered,L1,all,41957,37817,0.9013275496341493,0.9452098262686094,0.9428706209745391,0.9474585884103731,0.942735873636077,28
embedding_1nn,category,all,41957,41957,1.0,0.8863836785280168,0.8833116547105279,0.8893849539294666,0.8334933795942213,3
cluster_id30,category,all,41957,37463,0.8928903401101127,0.9942343111870379,0.9934153032559646,0.9949519681395512,0.9901727265390825,3
cluster_id50,category,all,41957,24563,0.585432704912172,0.9973130317957905,0.9965832768256526,0.9978872537288328,0.9951866473307588,3
cluster_id70,category,all,41957,9657,0.23016421574469098,0.9983431707569639,0.9973101351186001,0.9989798775444788,0.9970253078824776,3
cluster_id90,category,all,41957,3986,0.09500202588364277,0.9994982438534872,0.9981722162307273,0.9998623924615074,0.9993338335265899,3
embedding_calibrated,category,all,41957,17476,0.4165216769549777,0.9605745021744106,0.9575865341201024,0.9633600264025055,0.9485079189673682,3
tiered,category,all,41957,38672,0.9217055556879663,0.9908719486967315,0.9898741003429788,0.9917722822401994,0.9849711893052548,3
