identity_stratum,level,min_seq_id,n_report,n_matched_coverage,coverage,cluster_micro,cluster_micro_lo,cluster_micro_hi,cluster_macro,cluster_n_labels,embedding_micro,embedding_micro_lo,embedding_micro_hi,embedding_macro,embedding_n_labels,embedding_p_at_cut,macro_delta_cluster_minus_embedding,micro_delta_cluster_minus_embedding
<30%,specific,0.3,468,84,0.1794871794871795,0.8571428571428571,0.7666970498084034,0.9163506178114942,0.8307692307692308,65,0.7619047619047619,0.6606473307381485,0.8402542921831097,0.7105263157894737,57,0.6262705238467554,0.12024291497975714,0.09523809523809523
<30%,L1,0.3,468,84,0.1794871794871795,0.9523809523809523,0.8838651569729798,0.9813285553455571,0.9675264550264551,18,0.8928571428571429,0.8087519975771198,0.9426004368047676,0.8519097222222223,16,0.7653465346534654,0.11561673280423279,0.05952380952380942
<30%,category,0.3,468,84,0.1794871794871795,0.9761904761904762,0.9172839887867145,0.9934462347064822,0.975925925925926,3,0.9404761904761905,0.8681156389946401,0.974309817736567,0.9361111111111112,3,0.930718954248366,0.03981481481481475,0.0357142857142857
30-50%,specific,0.3,6411,4652,0.725627827172048,0.8566208082545141,0.846255388506722,0.8663977223723077,0.8354706939026815,1529,0.4146603611349957,0.40057894688850093,0.42888260523990485,0.2963707739244954,1643,0.07019704433497537,0.5390999199781861,0.44196044711951843
30-50%,specific,0.5,6411,126,0.019653720168460457,0.9523809523809523,0.8999970658645753,0.9779958116107486,0.9537037037037037,108,1.0,0.9704131803674632,1.0,1.0,38,0.9935483870967742,-0.04629629629629628,-0.04761904761904767
30-50%,L1,0.3,6411,4717,0.735766651068476,0.9408522365910537,0.933754537831106,0.9472324455067803,0.935242535991793,28,0.635997456010176,0.6221609021202783,0.6496126731676535,0.5912163193813745,28,0.3339160839160839,0.34402621661041843,0.30485478058087767
30-50%,L1,0.5,6411,127,0.01980970207455935,0.9921259842519685,0.9567449252236082,0.9986087237687615,0.9966666666666667,20,1.0,0.9706393073762475,1.0,1.0,15,0.99734395750332,-0.0033333333333332993,-0.007874015748031482
30-50%,category,0.3,6411,4739,0.7391982530026517,0.9928254906098333,0.989991389654066,0.9948612354051389,0.9898307125636797,3,0.888162059506225,0.8788724577343842,0.8968228553876058,0.8541224844030705,3,0.8274483677548301,0.13570822816060923,0.10466343110360832
30-50%,category,0.5,6411,127,0.01980970207455935,1.0,0.9706393073762475,1.0,1.0,3,1.0,0.9706393073762475,1.0,1.0,3,0.998426435877262,0.0,0.0
<50%,specific,0.3,6879,4736,0.6884721616514028,0.8566300675675675,0.8463598386145896,0.8663222054435915,0.8341114370096566,1545,0.43032094594594594,0.41628164349352026,0.44447319692139997,0.3019056379698672,1667,0.09081196581196581,0.5322057990397895,0.4263091216216216
<50%,specific,0.5,6879,126,0.01831661578717837,0.9523809523809523,0.8999970658645753,0.9779958116107486,0.9537037037037037,108,1.0,0.9704131803674632,1.0,1.0,37,0.9935483870967742,-0.04629629629629628,-0.04761904761904767
<50%,L1,0.3,6879,4801,0.6979212094781219,0.9410539470943553,0.9340323367590578,0.9473702884596381,0.9347657805988144,28,0.643824203290981,0.6301682959097826,0.6572501280399267,0.5976010915342228,28,0.35602094240837684,0.3371646890645916,0.2972297438033743
<50%,L1,0.5,6879,127,0.018461985753743276,0.9921259842519685,0.9567449252236082,0.9986087237687615,0.9966666666666667,20,1.0,0.9706393073762475,1.0,1.0,15,0.99734395750332,-0.0033333333333332993,-0.007874015748031482
<50%,category,0.3,6879,4823,0.7011193487425498,0.9925357661206717,0.9896840952634495,0.9946034355310144,0.9897058680918706,3,0.8874144723201327,0.8781835947687561,0.8960286768748794,0.854782846670569,3,0.8274483677548301,0.13492302142130153,0.10512129380053903
<50%,category,0.5,6879,127,0.018461985753743276,1.0,0.9706393073762475,1.0,1.0,3,1.0,0.9706393073762475,1.0,1.0,3,0.998426435877262,0.0,0.0
50-90%,specific,0.3,30434,27884,0.9162121311690872,0.8578754841486157,0.8537276698639453,0.8619247024587662,0.8497758358496438,3180,0.39033137283029695,0.38462097505718107,0.3960719847020281,0.26227743532082093,3726,0.045454545454545456,0.5874984005288229,0.46754411131831874
50-90%,specific,0.5,30434,20037,0.6583755010843136,0.9452013774517143,0.9419639060499426,0.9482681688345772,0.9232498658718303,2974,0.5169935619104656,0.5100717212222919,0.52390888765593,0.36320396501055413,3010,0.10553633217993079,0.5600459008612761,0.42820781554124865
50-90%,specific,0.7,30434,5772,0.18965630544785436,0.9731462231462231,0.9686505866063573,0.9770124662031241,0.9597093928402922,1645,0.9272349272349273,0.920245822347392,0.9336557112403713,0.8453336924848771,1041,0.7092360319270239,0.11437570035541511,0.045911295911295835
50-90%,specific,0.9,30434,518,0.017020437668397188,0.974903474903475,0.9575388568133115,0.9852759743538474,0.9702177799447423,293,1.0,0.9926383791556672,1.0,1.0,71,0.9981515711645101,-0.029782220055257658,-0.025096525096525046
50-90%,L1,0.3,30434,28110,0.9236380364066504,0.9435076485236571,0.9407476099811994,0.9461464813620483,0.9450011984793188,28,0.5933475631447883,0.5875928060131836,0.5990768094263512,0.558559287871413,28,0.270392749244713,0.3864419106079059,0.3501600853788688
50-90%,L1,0.5,30434,20186,0.6632713412630611,0.9803329039928663,0.9783239870150725,0.9821590313360967,0.9800312673241722,28,0.7001387099970277,0.6937801534153234,0.7064211042309971,0.6715889092029448,28,0.3741473396998636,0.30844235812122744,0.28019419399583867
50-90%,L1,0.7,30434,5799,0.19054347111782874,0.9899982755647525,0.9870931213342127,0.9922546520049733,0.9882442018638476,27,0.9624073116054492,0.957197591142413,0.9670047858447514,0.9145749260758187,28,0.8739495798319328,0.07366927578802895,0.027590963959303272
50-90%,L1,0.9,30434,520,0.017086153643950844,0.9903846153846154,0.977690598210156,0.9958861471266023,0.9794148001756698,23,1.0,0.9926664854414006,0.9999999999999999,1.0,20,1.0,-0.020585199824330158,-0.009615384615384581
50-90%,category,0.3,30434,28188,0.9262009594532431,0.9945366822761459,0.9936061942149798,0.9953323928973997,0.9901560215724103,3,0.9046757485454804,0.9011921478475202,0.9080490618505368,0.842784046440228,3,0.783676703645008,0.14737197513218236,0.0898609337306655
50-90%,category,0.5,30434,20265,0.6658671222974305,0.9970885763631878,0.9962466464475842,0.9977420776046083,0.9942754342850065,3,0.9336294103133481,0.9301192176399891,0.9369752294348748,0.896073273279718,3,0.8518265619665415,0.09820216100528856,0.0634591660498397
50-90%,category,0.7,30434,5814,0.19103634093448119,0.9977640178878568,0.9961778881738457,0.9986927868888784,0.9950575769957091,3,0.9884760921912624,0.9853920705208986,0.990915019036163,0.9839068694307681,3,0.9619318181818182,0.011150707564940965,0.009287925696594423
50-90%,category,0.9,30434,520,0.017086153643950844,0.9980769230769231,0.9891880796810493,0.9996604577394226,0.9985569985569986,3,1.0,0.9926664854414006,0.9999999999999999,1.0,3,1.0,-0.0014430014430013571,-0.0019230769230769162
>=90%,specific,0.3,4644,4425,0.9528423772609819,0.8931073446327683,0.8836600720769832,0.9018726505202757,0.8854378006277757,1286,0.5896045197740113,0.5750391133816883,0.6040144793230044,0.3902639831819701,1459,0.031081081081081083,0.4951738174458056,0.303502824858757
>=90%,specific,0.5,4644,4157,0.8951335055986219,0.9740197257637719,0.9687286968937724,0.9784354537434449,0.9609023750060945,1253,0.6232860235746933,0.6084481217822663,0.6378962716212221,0.42515955568575464,1354,0.05065554231227652,0.53574281932034,0.3507337021890786
>=90%,specific,0.7,4644,3826,0.8238587424633936,0.9903293256664925,0.9866992656943177,0.9929757161639399,0.9879907208610527,1133,0.6717198118139048,0.6566741323209884,0.6864209972530388,0.4858006614812457,1206,0.07191780821917806,0.502190059379807,0.3186095138525876
>=90%,specific,0.9,4644,3460,0.7450473729543498,0.9933526011560694,0.990044516984398,0.9955663723819056,0.989159920566467,1054,0.7271676300578035,0.7120800950750472,0.7417512810479256,0.5519162132199801,1057,0.14701986754966886,0.4372437073464869,0.2661849710982659
>=90%,L1,0.3,4644,4443,0.9567183462532299,0.9635381498987171,0.9576140243223249,0.9686613797757208,0.9490017697321865,28,0.7377897816790457,0.7246550214874671,0.7505136915154876,0.6737527019903263,28,0.23949337938975246,0.2752490677418602,0.22574836821967137
>=90%,L1,0.5,4644,4168,0.8975021533161068,0.9889635316698656,0.985311182025189,0.9917153666338012,0.9753936292037253,28,0.7703934740882917,0.7573794145936451,0.7829095551505562,0.7036665023846728,28,0.3060263653483992,0.27172712681905253,0.21857005758157388
>=90%,L1,0.7,4644,3829,0.8245047372954349,0.9963436928702011,0.9938716904234224,0.9978207395481162,0.9888040596272694,28,0.8088273700705145,0.7960649337155989,0.820970740286687,0.738113950418888,28,0.35602094240837684,0.2506901092083813,0.18751632279968655
>=90%,L1,0.9,4644,3465,0.7461240310077519,0.9974025974025974,0.9950705974202803,0.9986328913755183,0.9981265220003479,28,0.8510822510822511,0.8388396694990529,0.8625472142375813,0.7826281050035313,28,0.42228530872959547,0.2154984169968166,0.1463203463203463
>=90%,category,0.3,4644,4452,0.958656330749354,0.9941599281221922,0.9914563640741297,0.9960114130569065,0.9911528575678075,3,0.910826594788859,0.9020968110248194,0.9188479909627559,0.9045662757206067,3,0.7370786516853932,0.0865865818472008,0.08333333333333326
>=90%,category,0.5,4644,4171,0.8981481481481481,0.9983217453847998,0.9965395819027691,0.9991868188306143,0.9973675953947693,3,0.9216015344042197,0.9130505357219105,0.929376635646699,0.9162444138844817,3,0.7980997624703088,0.08112318151028752,0.07672021098058013
>=90%,category,0.7,4644,3843,0.8275193798449613,0.9992193598750976,0.9977071594781768,0.9997344819972611,0.99860529986053,3,0.9331251626333593,0.9247866392737298,0.9405986159964637,0.9290373937396312,3,0.8274483677548301,0.0695679061208988,0.06609419724173826
>=90%,category,0.9,4644,3466,0.7463393626184324,0.9997114829774957,0.9983673957805523,0.9999490691554838,0.9994926433282597,3,0.9477784189267167,0.9398635623897921,0.95470176877691,0.9436873024779268,3,0.8518265619665415,0.05580534085033295,0.05193306405077902
all,specific,0.3,41957,37045,0.8829277593726911,0.8619246861924686,0.8583740929291443,0.8654002234046758,0.8517177082032362,3559,0.4200836820083682,0.41506599827134766,0.42511793881563525,0.27214365632687565,4197,0.045454545454545456,0.5795740518763606,0.44184100418410044
all,specific,0.5,41957,24320,0.5796410610863503,0.9501644736842105,0.9473577575945057,0.9528289958005666,0.9275556585242642,3182,0.5899671052631579,0.5837718159814576,0.5961339765311857,0.40937484491687937,3189,0.16756176154672395,0.5181808136073849,0.36019736842105265
all,specific,0.7,41957,9598,0.22875801415735159,0.9799958324650969,0.976996613925227,0.9826109680203033,0.9685660035860618,2060,0.9055011460720983,0.8994855730914212,0.9111922452137672,0.8054985595057285,1392,0.6894736842105263,0.16306744408033336,0.07449468639299861
all,specific,0.9,41957,3978,0.09481135448196963,0.9909502262443439,0.9874972425199809,0.9934558923309887,0.9849047895524442,1181,0.987430869783811,0.9834684479089281,0.9904527648284146,0.9700913251019465,515,0.958005249343832,0.014813464450497693,0.0035193564605329186
all,L1,0.3,41957,37354,0.8902924422623162,0.9455747711088505,0.9432280428703332,0.9478298602179438,0.9450754608781884,28,0.6195855865503025,0.614650109739799,0.6244964687927251,0.5887746277156151,28,0.270392749244713,0.3563008331625733,0.325989184558548
all,L1,0.5,41957,24481,0.5834783230450223,0.9818634859687104,0.9801146606148652,0.9834611053806968,0.9792905581851742,28,0.7584249009435889,0.7530226584794969,0.7637460511861601,0.7321810367784195,28,0.4345006485084306,0.24710952140675468,0.22343858502512148
all,L1,0.7,41957,9628,0.22947303191362586,0.9925218113834648,0.990593635240681,0.9940571090157444,0.9893691355182144,28,0.9560656418778563,0.9517866497203729,0.9599808361568867,0.9289975499370956,28,0.8170454545454545,0.06037158558111877,0.03645616950560859
all,L1,0.9,41957,3985,0.09497819195843363,0.9964868255959849,0.9941112355894921,0.9979060959585941,0.9961450850623977,28,0.9957340025094102,0.9931783612468159,0.9973347741958147,0.9862846754547684,28,0.981294964028777,0.00986040960762935,0.0007528230865746499
all,category,0.3,41957,37463,0.8928903401101127,0.9942343111870379,0.9934153032559646,0.9949519681395512,0.9901727265390825,3,0.902730694285028,0.8996885760034905,0.9056902259289361,0.8593241352767861,3,0.7980997624703088,0.13084859126229642,0.09150361690200992
all,category,0.5,41957,24563,0.585432704912172,0.9973130317957905,0.9965832768256526,0.9978872537288328,0.9951866473307588,3,0.9397874852420307,0.9367432436785715,0.9426941846964297,0.9183116910095332,3,0.864406779661017,0.07687495632122554,0.05752554655375974
all,category,0.7,41957,9657,0.23016421574469098,0.9983431707569639,0.9973101351186001,0.9989798775444788,0.9970253078824776,3,0.9851920886403644,0.9825828870289309,0.9874154203649094,0.9815591823642019,3,0.9619318181818182,0.015466125518275642,0.013151082116599433
all,category,0.9,41957,3986,0.09500202588364277,0.9994982438534872,0.9981722162307273,0.9998623924615074,0.9993338335265899,3,0.9989964877069744,0.9974223696825955,0.99960969294365,0.9986533319145648,3,0.9940564635958395,0.0006805016120250418,0.0005017561465128217
