Dataset	Viral_Fraction	MGE_Fraction	Host_Fraction	Confidence_Level	Threshold	Predictions_Made	Accuracy	Balanced_Accuracy	TPR	TNR	Precision	Recall	F1_Score	FDR	MCC	Strict_Viral_Region	AUROC	AUPRC	ECE	N_Total	Prevalence	FPR	FNR	Specificity	NPV
Equal viral/nonviral	50.0%	20.8%	29.2%	High Confidence	0.91	59087	0.6545079021117443	0.6515693922586672	0.30675430024482764	0.9963844842725066	0.988153062433361	0.30675430024482764	0.4681727974340984	0.011846937566639024	0.420023306664665	True	0.9725975106585663	0.9675978074682412	0.021068699700284504	383948.0	0.495739006323773	0.0036155157274934146	0.6932456997551724	0.9963844842725066	0.5938232043858758
Equal viral/nonviral	50.0%	20.8%	29.2%	High Confidence	0.91	65812	0.6680123350036984	0.6652240827676732	0.3380407485630825	0.9924074169722639	0.9776636479669362	0.3380407485630825	0.5023775131758735	0.02233635203306388	0.43840049503054856	False	0.9725975106585663	0.9675978074682412	0.021068699700284504	383948.0	0.495739006323773	0.007592583027736171	0.6619592514369175	0.9924074169722639	0.6039555410264792
Equal viral/nonviral	50.0%	20.8%	29.2%	High Confidence	0.91	124899	0.8182592434392157	0.8167934750263404	0.6447950488079102	0.9887919012447705	0.9826259617771159	0.6447950488079102	0.7786459076821566	0.01737403822288409	0.6761801635586576	Either	0.9725975106585663	0.9675978074682412	0.021068699700284504	383948.0	0.495739006323773	0.011208098755229585	0.35520495119208984	0.9887919012447705	0.7390107663029002
Equal viral/nonviral	50.0%	20.8%	29.2%	Medium Confidence	0.454	68569	0.6698797753862502	0.6671528567187106	0.34716661938236193	0.9871390940550592	0.9636862138867418	0.34716661938236193	0.510445835763421	0.03631378611325818	0.43640543274915555	True	0.9725975106585663	0.9675978074682412	0.021068699700284504	383948.0	0.495739006323773	0.01286090594494086	0.6528333806176381	0.9871390940550592	0.606001033676941
Equal viral/nonviral	50.0%	20.8%	29.2%	Medium Confidence	0.454	128119	0.7498437288382802	0.7484444667216985	0.5842501234645735	0.9126388099788234	0.8679821103817544	0.5842501234645735	0.698398841915863	0.13201788961824554	0.5268710195348354	False	0.9725975106585663	0.9675978074682412	0.021068699700284504	383948.0	0.495739006323773	0.0873611900211766	0.41574987653542644	0.9126388099788234	0.690680102724867
Equal viral/nonviral	50.0%	20.8%	29.2%	Medium Confidence	0.454	196688	0.9154625105483034	0.915597323440409	0.9314167428469354	0.8997779040338826	0.9013462946392256	0.9314167428469354	0.9161348333186917	0.09865370536077442	0.8314151600824157	Either	0.9725975106585663	0.9675978074682412	0.021068699700284504	383948.0	0.495739006323773	0.10022209596611745	0.06858325715306454	0.8997779040338826	0.9302894371462138
Equal viral/nonviral	50.0%	20.8%	29.2%	Low Confidence	0.0	88518	0.6327471428422599	0.6304603410491216	0.36211896731078397	0.8988017147874593	0.7786551887751644	0.36211896731078397	0.4943411653326448	0.22134481122483562	0.3097362634189756	True	0.9725975106585663	0.9675978074682412	0.021068699700284504	383948.0	0.495739006323773	0.10119828521254068	0.637881032689216	0.8988017147874593	0.589029550147243
Equal viral/nonviral	50.0%	20.8%	29.2%	Low Confidence	0.0	295430	0.3672528571577401	0.36953965895087837	0.637881032689216	0.10119828521254068	0.410970449852757	0.637881032689216	0.49988060143937024	0.589029550147243	-0.3097362634189756	False	0.9725975106585663	0.9675978074682412	0.021068699700284504	383948.0	0.495739006323773	0.8988017147874593	0.36211896731078397	0.10119828521254068	0.22134481122483562
Equal viral/nonviral	50.0%	20.8%	29.2%	Low Confidence	0.0	383948	0.495739006323773	0.5	1.0	0.0	0.495739006323773	1.0	0.6628683269311806	0.504260993676227		Either	0.9725975106585663	0.9675978074682412	0.021068699700284504	383948.0	0.495739006323773	1.0	0.0	0.0	
Equal viral/MGE/host	33.3%	33.3%	33.4%	High Confidence	0.91	18483	0.7648932399182619	0.642033257168303	0.28762008106469217	0.9964464332719136	0.975166369095926	0.28762008106469217	0.44421989180396554	0.024833630904074012	0.4515056950483402	True	0.977937743444488	0.950700301610937	0.01531997327385815	191832.0	0.3266712540139289	0.0035535667280863384	0.7123799189353078	0.9964464332719136	0.742473276453859
Equal viral/MGE/host	33.3%	33.3%	33.4%	High Confidence	0.91	24095	0.7896232119771467	0.6816675177980277	0.3702486196661667	0.9930864159298887	0.962938368956215	0.3702486196661667	0.5348486070930487	0.037061631043785015	0.5141850785542258	False	0.977937743444488	0.950700301610937	0.01531997327385815	191832.0	0.3266712540139289	0.0069135840701113295	0.6297513803338334	0.9930864159298887	0.7647269236960241
Equal viral/MGE/host	33.3%	33.3%	33.4%	High Confidence	0.91	42578	0.8811877059093374	0.8237007749663305	0.6578687007308588	0.9895328492018023	0.9682465122833388	0.6578687007308588	0.7834365854585534	0.031753487716661186	0.7306480153400726	Either	0.977937743444488	0.950700301610937	0.01531997327385815	191832.0	0.3266712540139289	0.010467150798197667	0.34213129926914115	0.9895328492018023	0.8563522585659346
Equal viral/MGE/host	33.3%	33.3%	33.4%	Medium Confidence	0.454	21655	0.770731681888319	0.6551841463463515	0.32186512622474706	0.988503166467956	0.9314246132532902	0.32186512622474706	0.4784098860307634	0.06857538674670977	0.45997890388234186	True	0.977937743444488	0.950700301610937	0.01531997327385815	191832.0	0.3266712540139289	0.011496833532044037	0.6781348737752529	0.988503166467956	0.7502835283263896
Equal viral/MGE/host	33.3%	33.3%	33.4%	Medium Confidence	0.454	48623	0.825102172734476	0.7723706850043782	0.6202565984744518	0.9244847715343046	0.7993953478806326	0.6202565984744518	0.698523663614553	0.20060465211936737	0.5873194989899473	False	0.977937743444488	0.950700301610937	0.01531997327385815	191832.0	0.3266712540139289	0.0755152284656953	0.37974340152554814	0.9244847715343046	0.8338302760301378
Equal viral/MGE/host	33.3%	33.3%	33.4%	Medium Confidence	0.454	70278	0.9225051086367237	0.9275548313507298	0.942121724699199	0.9129879380022606	0.8400779760380205	0.942121724699199	0.8881784811650019	0.15992202396197958	0.8323722291639392	Either	0.977937743444488	0.950700301610937	0.01531997327385815	191832.0	0.3266712540139289	0.08701206199773934	0.05787827530080107	0.9129879380022606	0.9701614097438176
Equal viral/MGE/host	33.3%	33.3%	33.4%	Low Confidence	0.0	35644	0.7069206388923641	0.6113896208237202	0.3358120831072671	0.8869671585401732	0.5903938951857255	0.3358120831072671	0.42811514596683964	0.4096061048142745	0.2686258262676486	True	0.977937743444488	0.950700301610937	0.01531997327385815	191832.0	0.3266712540139289	0.1130328414598269	0.6641879168927329	0.8869671585401732	0.73351345814019
Equal viral/MGE/host	33.3%	33.3%	33.4%	Low Confidence	0.0	156188	0.2930793611076358	0.38861037917627994	0.6641879168927329	0.1130328414598269	0.26648654185980997	0.6641879168927329	0.3803631644840853	0.73351345814019	-0.2686258262676486	False	0.977937743444488	0.950700301610937	0.01531997327385815	191832.0	0.3266712540139289	0.8869671585401732	0.3358120831072671	0.1130328414598269	0.4096061048142745
Equal viral/MGE/host	33.3%	33.3%	33.4%	Low Confidence	0.0	191832	0.3266712540139289	0.5	1.0	0.0	0.3266712540139289	1.0	0.49246752430274504	0.6733287459860712		Either	0.977937743444488	0.950700301610937	0.01531997327385815	191832.0	0.3266712540139289	1.0	0.0	0.0	
Half viral/host	50.0%	4.6%	45.4%	High Confidence	0.91	100662	0.6597051925560412	0.6572215172990655	0.31670733639676757	0.9977356982013635	0.9927976793626194	0.31670733639676757	0.4802216178293754	0.007202320637380541	0.43066324765057773	True	0.974215107407447	0.9710768474490582	0.024452166001596255	635737.0	0.49635305165500826	0.002264301798636422	0.6832926636032325	0.9977356982013635	0.5970415362332383
Half viral/host	50.0%	4.6%	45.4%	High Confidence	0.91	106878	0.6674001985097611	0.6649882534601099	0.3343083504991285	0.9956681564210914	0.9870225865004959	0.3343083504991285	0.49945079398145953	0.012977413499504107	0.4411688616903863	False	0.974215107407447	0.9710768474490582	0.024452166001596255	635737.0	0.49635305165500826	0.004331843578908575	0.6656916495008715	0.9956681564210914	0.60280717544752
Half viral/host	50.0%	4.6%	45.4%	High Confidence	0.91	207540	0.8234584427208107	0.8222097707591756	0.6510156868958961	0.993403854622455	0.9898236484533102	0.6510156868958961	0.7854403639909002	0.010176351546689794	0.6871189483469873	Either	0.974215107407447	0.9710768474490582	0.024452166001596255	635737.0	0.49635305165500826	0.006596145377544997	0.34898431310410394	0.993403854622455	0.7428239805510081
Half viral/host	50.0%	4.6%	45.4%	Medium Confidence	0.454	115592	0.6760956181565647	0.6737841179570909	0.3568752971003011	0.9906929388138807	0.9742196691812582	0.3568752971003011	0.5223893751942515	0.02578033081874178	0.4505571814578439	True	0.974215107407447	0.9710768474490582	0.024452166001596255	635737.0	0.49635305165500826	0.009307061186119361	0.6431247028996989	0.9906929388138807	0.6098434090493997
Half viral/host	50.0%	4.6%	45.4%	Medium Confidence	0.454	206097	0.743952294738233	0.7426828361353961	0.568638884487403	0.9167267877833891	0.8706288786348176	0.568638884487403	0.6879518141578501	0.12937112136518242	0.5184618535213198	False	0.974215107407447	0.9710768474490582	0.024452166001596255	635737.0	0.49635305165500826	0.08327321221661092	0.43136111551259704	0.9167267877833891	0.683185923098408
Half viral/host	50.0%	4.6%	45.4%	Medium Confidence	0.454	321689	0.916400964549806	0.9164669540924869	0.925514181587704	0.9074197265972698	0.9078519936957745	0.925514181587704	0.9165980111072926	0.09214800630422551	0.8329719188931229	Either	0.974215107407447	0.9710768474490582	0.024452166001596255	635737.0	0.49635305165500826	0.09258027340273028	0.07448581841229598	0.9074197265972698	0.925157937640106
Half viral/host	50.0%	4.6%	45.4%	Low Confidence	0.0	139745	0.6525245502464069	0.650488921360538	0.37140231342101093	0.9295755293000653	0.8386418118716233	0.37140231342101093	0.5148134725837095	0.16135818812837668	0.3633833212441442	True	0.974215107407447	0.9710768474490582	0.024452166001596255	635737.0	0.49635305165500826	0.07042447069993472	0.6285976865789891	0.9295755293000653	0.6000862917143824
Half viral/host	50.0%	4.6%	45.4%	Low Confidence	0.0	495992	0.34747544975359307	0.3495110786394619	0.6285976865789891	0.07042447069993472	0.3999137082856175	0.6285976865789891	0.4888323709678612	0.6000862917143824	-0.3633833212441442	False	0.974215107407447	0.9710768474490582	0.024452166001596255	635737.0	0.49635305165500826	0.9295755293000653	0.37140231342101093	0.07042447069993472	0.16135818812837668
Half viral/host	50.0%	4.6%	45.4%	Low Confidence	0.0	635737	0.49635305165500826	0.5	1.0	0.0	0.49635305165500826	1.0	0.6634170339760765	0.5036469483449917		Either	0.974215107407447	0.9710768474490582	0.024452166001596255	635737.0	0.49635305165500826	1.0	0.0	0.0	
Host enriched	16.9%	12.5%	70.6%	High Confidence	0.91	12939	0.8685917903394723	0.6159770952016284	0.23398759356675528	0.9979665968365014	0.9591158513022645	0.23398759356675528	0.3761974051170122	0.04088414869773553	0.43713316005510083	True	0.9737036938990294	0.891033089178815	0.0410369892852319	313192.0	0.1693434059618381	0.0020334031634986834	0.7660124064332448	0.9979665968365014	0.8646907774443553
Host enriched	16.9%	12.5%	70.6%	High Confidence	0.91	20392	0.8890680477151396	0.6803377226762866	0.36470765691875484	0.9959677884338183	0.9485582581404473	0.36470765691875484	0.5268490650832778	0.05144174185955277	0.5482854147714652	False	0.9737036938990294	0.891033089178815	0.0410369892852319	313192.0	0.1693434059618381	0.0040322115661817	0.6352923430812452	0.9959677884338183	0.8849248633879782
Host enriched	16.9%	12.5%	70.6%	High Confidence	0.91	33331	0.92700324401645	0.7963148178779149	0.5986952504855101	0.9939343852703196	0.9526566859680178	0.5986952504855101	0.7352954798073359	0.04734331403198224	0.7207647965673881	Either	0.9737036938990294	0.891033089178815	0.0410369892852319	313192.0	0.1693434059618381	0.0060656147296803825	0.4013047495144899	0.9939343852703196	0.9239479598800834
Host enriched	16.9%	12.5%	70.6%	Medium Confidence	0.454	16152	0.8692016398886306	0.629118459490611	0.26607839809944	0.992158520881782	0.8736998514115899	0.26607839809944	0.40792611542297186	0.1263001485884101	0.4379285652103304	True	0.9737036938990294	0.891033089178815	0.0410369892852319	313192.0	0.1693434059618381	0.007841479118217986	0.73392160190056	0.992158520881782	0.8689570428225155
Host enriched	16.9%	12.5%	70.6%	Medium Confidence	0.454	53815	0.87960101152009	0.7889396907145849	0.6518468239153798	0.9260325575137899	0.6424231162315339	0.6518468239153798	0.6471006625987347	0.357576883768466	0.5745467328294699	False	0.9737036938990294	0.891033089178815	0.0410369892852319	313192.0	0.1693434059618381	0.07396744248621015	0.34815317608462015	0.9260325575137899	0.9288101874877109
Host enriched	16.9%	12.5%	70.6%	Medium Confidence	0.454	69967	0.9181460573705587	0.9180581502051959	0.9179252220148199	0.9181910783955719	0.6958137407635028	0.9179252220148199	0.7915840135280154	0.3041862592364972	0.7528726517789157	Either	0.9737036938990294	0.891033089178815	0.0410369892852319	313192.0	0.1693434059618381	0.08180892160442813	0.08207477798518016	0.9181910783955719	0.9821029910576626
Host enriched	16.9%	12.5%	70.6%	Low Confidence	0.0	35677	0.8120258499578533	0.6007743471029419	0.2813319003714388	0.9202167938344449	0.4182246265100765	0.2813319003714388	0.3363843361814369	0.5817753734899235	0.2379294262590106	True	0.9737036938990294	0.891033089178815	0.0410369892852319	313192.0	0.1693434059618381	0.07978320616555515	0.7186680996285612	0.9202167938344449	0.8626524692358971
Host enriched	16.9%	12.5%	70.6%	Low Confidence	0.0	277515	0.18797415004214668	0.39922565289705814	0.7186680996285612	0.07978320616555515	0.13734753076410283	0.7186680996285612	0.23062029574771895	0.8626524692358971	-0.2379294262590106	False	0.9737036938990294	0.891033089178815	0.0410369892852319	313192.0	0.1693434059618381	0.9202167938344449	0.2813319003714388	0.07978320616555515	0.5817753734899235
Host enriched	16.9%	12.5%	70.6%	Low Confidence	0.0	313192	0.1693434059618381	0.5	1.0	0.0	0.1693434059618381	1.0	0.289638450259264	0.8306565940381619		Either	0.9737036938990294	0.891033089178815	0.0410369892852319	313192.0	0.1693434059618381	1.0	0.0	0.0	
Training distribution	39.3%	13.9%	46.9%	High Confidence	0.91	111238	0.7227255686078481	0.6452215521985493	0.2930225975121907	0.9974205068849078	0.9864165123429044	0.2930225975121907	0.4518266269168053	0.013583487657095597	0.44264072540535526	True	0.9755292849355234	0.9581716217763552	0.00957369045923019	960240.0	0.3899712571857036	0.002579493115092169	0.7069774024878093	0.9974205068849078	0.6881762351561009
Training distribution	39.3%	13.9%	46.9%	High Confidence	0.91	132640	0.7420082479380155	0.6706397980320784	0.3463224965684468	0.99495709949571	0.9777291917973462	0.3463224965684468	0.5114749184588626	0.0222708082026538	0.48242973483617596	False	0.9755292849355234	0.9581716217763552	0.00957369045923019	960240.0	0.3899712571857036	0.00504290050429005	0.6536775034315532	0.99495709949571	0.7042290961817304
Training distribution	39.3%	13.9%	46.9%	High Confidence	0.91	243878	0.8547050737315671	0.8158613502306276	0.6393450940806374	0.9923776063806178	0.9816916655048836	0.6393450940806374	0.7743683127838227	0.018308334495116412	0.7078563659345961	Either	0.9755292849355234	0.9581716217763552	0.00957369045923019	960240.0	0.3899712571857036	0.007622393619382219	0.3606549059193625	0.9923776063806178	0.8114738079350943
Training distribution	39.3%	13.9%	46.9%	Medium Confidence	0.454	129480	0.7329438473714904	0.6603530855102409	0.3304812719979918	0.9902248990224899	0.9557769539697251	0.3304812719979918	0.4911399237219861	0.044223046030274944	0.45797252465650123	True	0.9755292849355234	0.9581716217763552	0.00957369045923019	960240.0	0.3899712571857036	0.009775100977510097	0.6695187280020082	0.9902248990224899	0.6982136838557466
Training distribution	39.3%	13.9%	46.9%	Medium Confidence	0.454	272038	0.7956385903524119	0.7605708123618078	0.6012134613022277	0.9199281634213877	0.8275829112109337	0.6012134613022277	0.6964659151374161	0.17241708878906623	0.564097600314836	False	0.9755292849355234	0.9581716217763552	0.00957369045923019	960240.0	0.3899712571857036	0.08007183657861223	0.3987865386977723	0.9199281634213877	0.7830113832857214
Training distribution	39.3%	13.9%	46.9%	Medium Confidence	0.454	401518	0.9185536949096059	0.9209238978720486	0.9316947333002195	0.9101530624438777	0.8689224393426944	0.9316947333002195	0.8992144167920987	0.13107756065730553	0.8324428448004375	Either	0.9755292849355234	0.9581716217763552	0.00957369045923019	960240.0	0.3899712571857036	0.08984693755612233	0.06830526669978049	0.9101530624438777	0.9542205246974345
Training distribution	39.3%	13.9%	46.9%	Low Confidence	0.0	177161	0.6926737065733567	0.6295167029886258	0.34251440718249454	0.9165189987947571	0.7239742381223858	0.34251440718249454	0.4650243733537336	0.27602576187761413	0.32571680584359564	True	0.9755292849355234	0.9581716217763552	0.00957369045923019	960240.0	0.3899712571857036	0.08348100120524297	0.6574855928175055	0.9165189987947571	0.6855923859533968
Training distribution	39.3%	13.9%	46.9%	Low Confidence	0.0	783079	0.30732629342664336	0.3704832970113742	0.6574855928175055	0.08348100120524297	0.3144076140466032	0.6574855928175055	0.42539339723293695	0.6855923859533968	-0.32571680584359564	False	0.9755292849355234	0.9581716217763552	0.00957369045923019	960240.0	0.3899712571857036	0.9165189987947571	0.34251440718249454	0.08348100120524297	0.27602576187761413
Training distribution	39.3%	13.9%	46.9%	Low Confidence	0.0	960240	0.3899712571857036	0.5	1.0	0.0	0.3899712571857036	1.0	0.5611213255952997	0.6100287428142964		Either	0.9755292849355234	0.9581716217763552	0.00957369045923019	960240.0	0.3899712571857036	1.0	0.0	0.0	
MGE enriched	10.3%	75.0%	14.7%	High Confidence	0.91	4744	0.9398790221694573	0.6205816384109303	0.24688279301745636	0.9942804838044041	0.772133220910624	0.24688279301745636	0.374138195189214	0.22786677908937605	0.4155419826845034	True	0.9367463211304168	0.6271385067889982	0.06317088744072741	203839.0	0.07278783745995614	0.005719516195595814	0.7531172069825436	0.9942804838044041	0.9438760390768226
MGE enriched	10.3%	75.0%	14.7%	High Confidence	0.91	4635	0.9330942557606738	0.5937566179881762	0.19660308687740108	0.9909101490989514	0.6293419633225459	0.19660308687740108	0.2996096959737058	0.3706580366774542	0.3267866304457616	False	0.9367463211304168	0.6271385067889982	0.06317088744072741	203839.0	0.07278783745995614	0.009089850901048666	0.8033969131225989	0.9909101490989514	0.940161844139676
MGE enriched	10.3%	75.0%	14.7%	High Confidence	0.91	9379	0.9457611153900872	0.7143382563991065	0.44348587989485744	0.9851906329033555	0.7015673312719907	0.44348587989485744	0.5434423521638586	0.2984326687280094	0.5315480494122928	Either	0.9367463211304168	0.6271385067889982	0.06317088744072741	203839.0	0.07278783745995614	0.01480936709664448	0.5565141201051426	0.9851906329033555	0.9575388254653914
MGE enriched	10.3%	75.0%	14.7%	Medium Confidence	0.454	8286	0.9368275943268952	0.6642750812091893	0.3452854350609962	0.9832647273573825	0.6182717837315954	0.3452854350609962	0.443108593175626	0.38172821626840453	0.4322183773486204	True	0.9367463211304168	0.6271385067889982	0.06317088744072741	203839.0	0.07278783745995614	0.016735272642617538	0.6547145649390038	0.9832647273573825	0.9503254872080714
MGE enriched	10.3%	75.0%	14.7%	Medium Confidence	0.454	19481	0.8965065566451955	0.6887403667716011	0.44557525106153534	0.9319054824816668	0.339356295878035	0.44557525106153534	0.38527886240456904	0.6606437041219649	0.33355266998662897	False	0.9367463211304168	0.6271385067889982	0.06317088744072741	203839.0	0.07278783745995614	0.06809451751833313	0.5544247489384646	0.9319054824816668	0.9553802926913939
MGE enriched	10.3%	75.0%	14.7%	Medium Confidence	0.454	27767	0.9061219884320468	0.8530154479807903	0.7908606861225315	0.9151702098390493	0.4225879641300825	0.7908606861225315	0.5508402966857572	0.5774120358699175	0.5347124863501771	Either	0.9367463211304168	0.6271385067889982	0.06317088744072741	203839.0	0.07278783745995614	0.08482979016095067	0.20913931387746848	0.9151702098390493	0.9823765277840883
MGE enriched	10.3%	75.0%	14.7%	Low Confidence	0.0	32094	0.8337266175756357	0.6520292541147893	0.4393745366313945	0.8646839715981841	0.20312207889325107	0.4393745366313945	0.2778121071360082	0.7968779211067489	0.21687497067255576	True	0.9367463211304168	0.6271385067889982	0.06317088744072741	203839.0	0.07278783745995614	0.13531602840181586	0.5606254633686055	0.8646839715981841	0.9515677312294389
MGE enriched	10.3%	75.0%	14.7%	Low Confidence	0.0	171745	0.16627338242436432	0.3479707458852107	0.5606254633686055	0.13531602840181586	0.048432268770561004	0.5606254633686055	0.08916186984810967	0.9515677312294389	-0.21687497067255576	False	0.9367463211304168	0.6271385067889982	0.06317088744072741	203839.0	0.07278783745995614	0.8646839715981841	0.4393745366313945	0.13531602840181586	0.7968779211067489
MGE enriched	10.3%	75.0%	14.7%	Low Confidence	0.0	203839	0.07278783745995614	0.5	1.0	0.0	0.07278783745995614	1.0	0.1356984762845488	0.9272121625400439		Either	0.9367463211304168	0.6271385067889982	0.06317088744072741	203839.0	0.07278783745995614	1.0	0.0	0.0	
Near all host	5.5%	5.0%	89.5%	High Confidence	0.91	11404	0.9636440717321385	0.6554484206356692	0.3120416094439412	0.9988552318273973	0.9364258155033321	0.3120416094439412	0.46810002849190174	0.06357418449666784	0.5291275464943536	True	0.9506954474417095	0.7264481576086765	0.07330280796603234	667539.0	0.051267416585398004	0.0011447681726026186	0.6879583905560588	0.9988552318273973	0.9641171405274829
Near all host	5.5%	5.0%	89.5%	High Confidence	0.91	10369	0.9582795911549737	0.6207233802728027	0.2446015837302399	0.9968451768153654	0.8073102517118333	0.2446015837302399	0.375448510943667	0.19268974828816665	0.43060924489030833	False	0.9506954474417095	0.7264481576086765	0.07330280796603234	667539.0	0.051267416585398004	0.003154823184634527	0.7553984162697601	0.9968451768153654	0.9606616248459303
Near all host	5.5%	5.0%	89.5%	High Confidence	0.91	21773	0.9731910794725103	0.7761718009084719	0.5566431931741811	0.9957004086427629	0.874936848390208	0.5566431931741811	0.6804057432673762	0.12506315160979195	0.6857753529706712	Either	0.9506954474417095	0.7264481576086765	0.07330280796603234	667539.0	0.051267416585398004	0.004299591357237145	0.4433568068258189	0.9957004086427629	0.9765038729199121
Near all host	5.5%	5.0%	89.5%	Medium Confidence	0.454	16802	0.9623138123765054	0.6859127167406202	0.37793296905589807	0.9938924644253422	0.7697893107963337	0.37793296905589807	0.5069671729544342	0.23021068920366622	0.5235101676860113	True	0.9506954474417095	0.7264481576086765	0.07330280796603234	667539.0	0.051267416585398004	0.0061075355746578325	0.6220670309441019	0.9938924644253422	0.9672847863268879
Near all host	5.5%	5.0%	89.5%	Medium Confidence	0.454	67559	0.8932047415956221	0.6814440704334261	0.4454898752301084	0.9173982656367438	0.225669414881807	0.4454898752301084	0.29958145841111394	0.774330585118193	0.2653579181732908	False	0.9506954474417095	0.7264481576086765	0.07330280796603234	667539.0	0.051267416585398004	0.08260173436325625	0.5545101247698916	0.9173982656367438	0.9683706123537451
Near all host	5.5%	5.0%	89.5%	Medium Confidence	0.454	84361	0.9067859705575255	0.8673567871740462	0.8234228442860065	0.9112907300620859	0.3340406111828926	0.8234228442860065	0.475274910611887	0.6659593888171075	0.48765862171052676	Either	0.9506954474417095	0.7264481576086765	0.07330280796603234	667539.0	0.051267416585398004	0.08870926993791409	0.17657715571399352	0.9112907300620859	0.9896378121259718
Near all host	5.5%	5.0%	89.5%	Low Confidence	0.0	52219	0.9139735655894262	0.6821900581972236	0.4239254302661952	0.9404546861282519	0.2778299086539382	0.4239254302661952	0.3356701603387242	0.7221700913460618	0.29926721897833375	True	0.9506954474417095	0.7264481576086765	0.07330280796603234	667539.0	0.051267416585398004	0.05954531387174807	0.5760745697338048	0.9404546861282519	0.9679597607748813
Near all host	5.5%	5.0%	89.5%	Low Confidence	0.0	615320	0.08602643441057377	0.31780994180277644	0.5760745697338048	0.05954531387174807	0.03204023922511864	0.5760745697338048	0.06070421819648584	0.9679597607748813	-0.29926721897833375	False	0.9506954474417095	0.7264481576086765	0.07330280796603234	667539.0	0.051267416585398004	0.9404546861282519	0.4239254302661952	0.05954531387174807	0.7221700913460618
Near all host	5.5%	5.0%	89.5%	Low Confidence	0.0	667539	0.051267416585398004	0.5	1.0	0.0	0.051267416585398004	1.0	0.09753449175076451	0.948732583414602		Either	0.9506954474417095	0.7264481576086765	0.07330280796603234	667539.0	0.051267416585398004	1.0	0.0	0.0	
Near all virus	88.7%	3.6%	7.8%	High Confidence	0.91	243819	0.40870961415315255	0.6611778689721448	0.32734885423057464	0.995006883713715	0.9978877774086515	0.32734885423057464	0.4929797634424943	0.0021122225913485005	0.23285288447732067	True	0.9783297231291402	0.9961905686663526	0.09944081009248071	846398.0	0.8781400712194499	0.004993116286284928	0.6726511457694253	0.995006883713715	0.1703129382205487
Near all virus	88.7%	3.6%	7.8%	High Confidence	0.91	260474	0.42668342789089764	0.6684017399574644	0.3487869590020128	0.9880165209129161	0.9952548047021967	0.3487869590020128	0.5165492712183556	0.004745195297803236	0.23870456399800505	False	0.9783297231291402	0.9961905686663526	0.09944081009248071	846398.0	0.8781400712194499	0.011983479087083826	0.6512130409979873	0.9880165209129161	0.1739235805326288
Near all virus	88.7%	3.6%	7.8%	High Confidence	0.91	504293	0.7135331132635001	0.8295796089296094	0.6761358132325874	0.9830234046266313	0.9965278122044129	0.6761358132325874	0.8056469124659632	0.003472187795587089	0.4393960365081435	Either	0.9783297231291402	0.9961905686663526	0.09944081009248071	846398.0	0.8781400712194499	0.016976595373368753	0.3238641867674126	0.9830234046266313	0.296373920287631
Near all virus	88.7%	3.6%	7.8%	Medium Confidence	0.454	270824	0.4381248537921876	0.6735260540465646	0.3622641458662964	0.984787962226833	0.994206569580244	0.3622641458662964	0.5310330545913537	0.005793430419756004	0.2433814728517386	True	0.9783297231291402	0.9961905686663526	0.09944081009248071	846398.0	0.8781400712194499	0.01521203777316709	0.6377358541337036	0.984787962226833	0.1764725300308909
Near all virus	88.7%	3.6%	7.8%	Medium Confidence	0.454	441724	0.6289074407075631	0.762486560511801	0.5858600536019891	0.9391130674216129	0.9857829776059259	0.5858600536019891	0.7349389863120053	0.014217022394074129	0.3437921094113767	False	0.9783297231291402	0.9961905686663526	0.09944081009248071	846398.0	0.8781400712194499	0.06088693257838708	0.41413994639801094	0.9391130674216129	0.23935810059455265
Near all virus	88.7%	3.6%	7.8%	Medium Confidence	0.454	712548	0.9451723657192007	0.9360126145583656	0.9481241994682855	0.9239010296484458	0.988984601739111	0.9481241994682855	0.9681234561795407	0.01101539826088909	0.7818074157998233	Either	0.9783297231291402	0.9961905686663526	0.09944081009248071	846398.0	0.8781400712194499	0.07609897035155416	0.05187580053171451	0.9239010296484458	0.7119387373926037
Near all virus	88.7%	3.6%	7.8%	Low Confidence	0.0	285918	0.4374372340199292	0.6404111187249837	0.3720265964889621	0.9087956409610052	0.9670989584426304	0.3720265964889621	0.5373454828823893	0.032901041557369594	0.1942306093898852	True	0.9783297231291402	0.9961905686663526	0.09944081009248071	846398.0	0.8781400712194499	0.09120435903899478	0.6279734035110379	0.9087956409610052	0.1672405795032829
Near all virus	88.7%	3.6%	7.8%	Low Confidence	0.0	560480	0.5625627659800708	0.35958888127501637	0.6279734035110379	0.09120435903899478	0.8327594204967171	0.6279734035110379	0.7160115238054331	0.1672405795032829	-0.1942306093898852	False	0.9783297231291402	0.9961905686663526	0.09944081009248071	846398.0	0.8781400712194499	0.9087956409610052	0.3720265964889621	0.09120435903899478	0.032901041557369594
Near all virus	88.7%	3.6%	7.8%	Low Confidence	0.0	846398	0.8781400712194499	0.5	1.0	0.0	0.8781400712194499	1.0	0.9351166983507102	0.12185992878055005		Either	0.9783297231291402	0.9961905686663526	0.09944081009248071	846398.0	0.8781400712194499	1.0	0.0	0.0	
Integrated proviruses	57.5%	0.4%	42.1%	High Confidence	0.91	14200	0.6150943396226415	0.6577653220781264	0.32614428329252215	0.9893863608637307	0.9754929577464789	0.32614428329252215	0.48884810841332577	0.024507042253521127	0.39987825776966807	True	0.9053387314563834	0.9160250627347627	0.1478633561007375	75260.0	0.5643369651873505	0.010613639136269367	0.6738557167074779	0.9893863608637307	0.5312807075008189
Integrated proviruses	57.5%	0.4%	42.1%	High Confidence	0.91	5330	0.49221365931437683	0.5482364381067062	0.11285081936334526	0.9836220568500671	0.899249530956848	0.11285081936334526	0.20053554244592275	0.10075046904315196	0.18647416768472197	False	0.9053387314563834	0.9160250627347627	0.1478633561007375	75260.0	0.5643369651873505	0.016377943149932902	0.8871491806366547	0.9836220568500671	0.4611897611897612
Integrated proviruses	57.5%	0.4%	42.1%	High Confidence	0.91	19530	0.6716449641243688	0.7060017601848325	0.4389951026558674	0.9730084177137978	0.9546850998463902	0.4389951026558674	0.6014322118641334	0.04531490015360983	0.46603024511541846	Either	0.9053387314563834	0.9160250627347627	0.1478633561007375	75260.0	0.5643369651873505	0.02699158228620227	0.5610048973441326	0.9730084177137978	0.5724564866319756
Integrated proviruses	57.5%	0.4%	42.1%	Medium Confidence	0.454	20241	0.6723226149348924	0.7054547392516174	0.44796571859107176	0.962943759912163	0.9399733214762116	0.44796571859107176	0.606764147784351	0.06002667852378835	0.4594969679119771	True	0.9053387314563834	0.9160250627347627	0.1478633561007375	75260.0	0.5643369651873505	0.03705624008783701	0.5520342814089282	0.962943759912163	0.5738563041858267
Integrated proviruses	57.5%	0.4%	42.1%	Medium Confidence	0.454	12798	0.5567100717512623	0.6008355032655204	0.25791109436805426	0.9437599121629865	0.8559149867166744	0.25791109436805426	0.396381400398046	0.1440850132833255	0.2661786936506295	False	0.9053387314563834	0.9160250627347627	0.1478633561007375	75260.0	0.5643369651873505	0.05624008783701354	0.7420889056319457	0.9437599121629865	0.4954052063654702
Integrated proviruses	57.5%	0.4%	42.1%	Medium Confidence	0.454	33039	0.7933696518735052	0.8062902425171377	0.705876812959126	0.9067036720751495	0.907412451950725	0.705876812959126	0.794056495080187	0.0925875480492751	0.6120603864018259	Either	0.9053387314563834	0.9160250627347627	0.1478633561007375	75260.0	0.5643369651873505	0.09329632792485056	0.294123187040874	0.9067036720751495	0.7041282773975036
Integrated proviruses	57.5%	0.4%	42.1%	Low Confidence	0.0	27267	0.662490034546904	0.6832418501359201	0.5219674138255792	0.8445162864462609	0.8130340704881358	0.5219674138255792	0.6357705157802664	0.18696592951186417	0.37805575622468274	True	0.9053387314563834	0.9160250627347627	0.1478633561007375	75260.0	0.5643369651873505	0.15548371355373916	0.4780325861744208	0.8445162864462609	0.576959139874565
Integrated proviruses	57.5%	0.4%	42.1%	Low Confidence	0.0	47993	0.3375099654530959	0.31675814986407996	0.4780325861744208	0.15548371355373916	0.42304086012543496	0.4780325861744208	0.4488586746255458	0.576959139874565	-0.37805575622468274	False	0.9053387314563834	0.9160250627347627	0.1478633561007375	75260.0	0.5643369651873505	0.8445162864462609	0.5219674138255792	0.15548371355373916	0.18696592951186417
Integrated proviruses	57.5%	0.4%	42.1%	Low Confidence	0.0	75260	0.5643369651873505	0.5	1.0	0.0	0.5643369651873505	1.0	0.7215030747800089	0.4356630348126495		Either	0.9053387314563834	0.9160250627347627	0.1478633561007375	75260.0	0.5643369651873505	1.0	0.0	0.0	
Virus enriched	70.2%	12.5%	17.3%	High Confidence	0.91	101430	0.5381714437925402	0.6670824743996786	0.3385255145193121	0.9956394342800452	0.9944099378881988	0.3385255145193121	0.50510043117047	0.0055900621118012426	0.3614058521213427	True	0.9733202655660085	0.9857536581110912	0.05619140939723629	427977.0	0.6961775983288822	0.004360565719954779	0.6614744854806879	0.9956394342800452	0.3964574777903334
Virus enriched	70.2%	12.5%	17.3%	High Confidence	0.91	101426	0.5352320334971272	0.6636125641683526	0.336407695302536	0.9908174330341692	0.9882278705657327	0.336407695302536	0.5019455447775769	0.011772129434267347	0.3539051130026162	False	0.9733202655660085	0.9857536581110912	0.05619140939723629	427977.0	0.6961775983288822	0.0091825669658307	0.663592304697464	0.9908174330341692	0.39453255387366754
Virus enriched	70.2%	12.5%	17.3%	High Confidence	0.91	202856	0.7695810756185496	0.8306950385680314	0.6749332098218481	0.9864568673142146	0.9913189651772686	0.6749332098218481	0.8030886334773685	0.008681034822731396	0.6091806360251372	Either	0.9733202655660085	0.9857536581110912	0.05619140939723629	427977.0	0.6961775983288822	0.013543132685785478	0.3250667901781519	0.9864568673142146	0.56977358842578
Virus enriched	70.2%	12.5%	17.3%	Medium Confidence	0.454	114457	0.5629788516672625	0.6822879249745841	0.37820357914803926	0.986372270801129	0.9845182033427401	0.37820357914803926	0.5464773705459439	0.015481796657259931	0.37881262180567254	True	0.9733202655660085	0.9857536581110912	0.05619140939723629	427977.0	0.6961775983288822	0.01362772919887102	0.6217964208519607	0.986372270801129	0.40908713957642256
Virus enriched	70.2%	12.5%	17.3%	Medium Confidence	0.454	180690	0.6682251616325177	0.7349156548397109	0.5649408621638675	0.9048904475155543	0.9315568100060878	0.5649408621638675	0.7033415650240891	0.06844318999391223	0.4374864451054597	False	0.9733202655660085	0.9857536581110912	0.05619140939723629	427977.0	0.6961775983288822	0.09510955248444578	0.4350591378361325	0.9048904475155543	0.4758115064681928
Virus enriched	70.2%	12.5%	17.3%	Medium Confidence	0.454	295147	0.9273816116286623	0.917203579814295	0.9431444413119068	0.8912627183166832	0.9520950577170021	0.9431444413119068	0.9475986140500257	0.047904942282997964	0.8294707912727555	Either	0.9733202655660085	0.9857536581110912	0.05619140939723629	427977.0	0.6961775983288822	0.1087372816833168	0.05685555868809322	0.8912627183166832	0.872468568847399
Virus enriched	70.2%	12.5%	17.3%	Low Confidence	0.0	128325	0.5464499260474278	0.6477244892173418	0.38960489749889243	0.9058440809357913	0.9045938047925189	0.38960489749889243	0.5446368876283508	0.095406195207481	0.2965572968564103	True	0.9733202655660085	0.9857536581110912	0.05619140939723629	427977.0	0.6961775983288822	0.09415591906420875	0.6103951025011076	0.9058440809357913	0.3930759681230227
Virus enriched	70.2%	12.5%	17.3%	Low Confidence	0.0	299652	0.45355007395257224	0.3522755107826582	0.6103951025011076	0.09415591906420875	0.6069240318769773	0.6103951025011076	0.6086546184738956	0.3930759681230227	-0.2965572968564103	False	0.9733202655660085	0.9857536581110912	0.05619140939723629	427977.0	0.6961775983288822	0.9058440809357913	0.38960489749889243	0.09415591906420875	0.095406195207481
Virus enriched	70.2%	12.5%	17.3%	Low Confidence	0.0	427977	0.6961775983288822	0.5	1.0	0.0	0.6961775983288822	1.0	0.8208781898956504	0.30382240167111785		Either	0.9733202655660085	0.9857536581110912	0.05619140939723629	427977.0	0.6961775983288822	1.0	0.0	0.0	
