pfam_acc	hmmer_rejected	hmmer_supported	hmmer_borderline	total	frac_rejected
PF03659	128006	9	30	128045	0.9996954195790543
PF01474	108794	16	12	108822	0.9997426990865818
PF01384	102503	190	51	102744	0.9976543642451141
PF02224	94983	240	2193	97416	0.9750246366100025
PF07971	95175	207	16	95398	0.9976624247887796
PF00920	94795	283	13	95091	0.9968871922684587
PF01053	91505	1118	1630	94253	0.9708444293550338
PF01373	90807	0	10	90817	0.999889888457007
PF01293	88852	107	239	89198	0.9961209892598488
PF00310	88440	0	18	88458	0.9997965135996745
PF00490	87526	131	44	87701	0.9980045837561715
PF00162	84576	234	16	84826	0.9970527904180322
PF00016	80523	56	10	80589	0.9991810296690615
PF00464	78902	452	112	79466	0.992902625022022
PF00393	79122	159	24	79305	0.9976924531870626
PF03320	78949	33	35	79017	0.9991394256932052
PF01218	78558	75	34	78667	0.9986144126507939
PF01259	78258	314	4	78576	0.9959529627367135
PF01070	76919	569	606	78094	0.9849540297590084
PF02781	77731	146	11	77888	0.9979842851273624
PF02548	75853	222	51	76126	0.9964138402122796
PF01077	75711	141	25	75877	0.9978122487710374
PF01654	75085	69	12	75166	0.9989223851209323
PF09206	74678	145	62	74885	0.9972357615009682
PF00456	73402	770	162	74334	0.9874619958565394
PF01120	72099	274	23	72396	0.9958975634012929
PF05221	69798	242	4	70044	0.9964879218776769
PF00723	69580	27	17	69624	0.9993680340112605
PF02350	68979	446	156	69581	0.9913482128742042
PF04724	68715	246	31	68992	0.9959850417439703
PF00113	68504	327	28	68859	0.9948445373879957
PF03331	66897	203	20	67120	0.9966775923718713
PF02562	62298	1379	3097	66774	0.9329679216461497
PF00463	65552	88	12	65652	0.9984768171571315
PF02445	65463	88	5	65556	0.998581365550064
PF14100	65192	47	14	65253	0.999065177079981
PF00274	64815	43	10	64868	0.999182956157119
PF00135	63980	211	167	64358	0.9941266043071568
PF06508	62042	921	1173	64136	0.9673506299114382
PF00926	63469	230	31	63730	0.9959045975207909
PF00262	62914	0	9	62923	0.9998569680403032
PF00343	62595	257	11	62863	0.995736760892735
PF02401	62564	227	25	62816	0.9959882832399388
PF00389	61810	804	74	62688	0.9859941296579887
PF02867	60749	1636	137	62522	0.9716419820223281
PF02347	61963	282	201	62446	0.9922653172340903
PF00330	61360	405	10	61775	0.9932820720356131
PF13640	60014	1424	182	61620	0.9739370334307044
PF00625	60342	480	450	61272	0.9848217783000391
PF04131	60249	35	634	60918	0.9890180242292919
PF01116	59552	287	28	59867	0.9947383366462325
PF00406	57847	384	577	58808	0.9836586858930758
PF00941	58117	109	11	58237	0.9979394542988135
PF00749	57615	526	59	58200	0.9899484536082475
PF00485	54201	381	3198	57780	0.9380581516095535
PF00034	53997	2077	833	56907	0.9488639358954083
PF03332	56589	53	20	56662	0.9987116586071794
PF02543	54697	380	8	55085	0.9929563402015068
PF06213	52478	63	54	52595	0.9977754539404886
PF01717	51884	96	19	51999	0.9977884190080578
PF11775	51194	176	176	51546	0.9931711481007256
PF03328	50200	295	204	50699	0.990157596796781
PF02522	50575	36	21	50632	0.9988742297361353
PF00701	49495	559	41	50095	0.9880227567621519
PF05138	49384	149	19	49552	0.9966096222150468
PF05935	49242	79	30	49351	0.9977913314826448
PF01786	48968	13	12	48993	0.9994897230216562
PF00141	48783	74	10	48867	0.9982810485603781
PF01148	48193	266	24	48483	0.9940185219561496
PF00834	47910	347	182	48439	0.9890790478746465
PF13532	48161	130	36	48327	0.9965650671467295
PF04896	48014	24	17	48055	0.9991468109457913
PF01227	46792	872	67	47731	0.98032725063376
PF05045	47301	65	3	47369	0.998564461989909
PF01832	46459	718	176	47353	0.9811205203471797
PF04107	46931	49	18	46998	0.9985744074215924
PF02507	45675	6	32	45713	0.9991687266204362
PF13714	45291	136	258	45685	0.9913757250738755
PF00977	44008	736	867	45611	0.9648549691960273
PF02826	40824	1554	2762	45140	0.9043863535666814
PF10014	44821	20	31	44872	0.9988634337671599
PF03721	41629	1088	1762	44479	0.9359248184536523
PF09037	44163	10	60	44233	0.9984174711188479
PF00120	43620	504	16	44140	0.9882193022202084
PF02649	43735	86	24	43845	0.997491162048124
PF09778	43643	0	103	43746	0.997645499017053
PF02274	42898	55	48	43001	0.9976047068672822
PF02531	42860	4	11	42875	0.9996501457725947
PF01073	36021	5406	1206	42633	0.8449088734079234
PF00733	40971	440	882	42293	0.9687418721774289
PF00676	40649	871	229	41749	0.9736520635224796
PF09290	41383	35	27	41445	0.9985040415007842
PF00384	40655	324	31	41010	0.9913435747378688
PF07969	40507	1	29	40537	0.9992599353676888
PF00208	39247	307	619	40173	0.9769496925795933
PF13561	34257	4249	326	38832	0.8821847960444994
PF03016	38292	97	181	38570	0.9927923256416904
PF00108	36684	873	904	38461	0.9537973531629442
PF04358	37557	73	105	37735	0.9952828938651119
PF00479	37419	144	26	37589	0.9954774003032802
PF13469	36718	654	190	37562	0.977530482934881
PF13759	36240	652	638	37530	0.9656274980015987
PF00124	37438	71	12	37521	0.9977879054396205
PF01596	36001	492	891	37384	0.9630055638775947
PF00109	35572	1378	312	37262	0.9546454833342279
PF00171	36137	1038	34	37209	0.971189765916848
PF02633	37079	97	33	37209	0.9965062216130506
PF00742	36787	253	33	37073	0.9922854907884444
PF01619	36916	76	12	37004	0.9976218787158145
PF04095	36531	299	15	36845	0.9914778124575926
PF02882	34871	567	486	35924	0.9706881193630998
PF02397	35077	664	8	35749	0.9812022713922067
PF02666	35107	272	22	35401	0.9916951498545239
PF02737	31145	662	3376	35183	0.885228661569508
PF04321	26395	6512	2268	35175	0.7503909026297086
PF04362	34918	51	49	35018	0.9971443257753155
PF13631	34909	88	9	35006	0.9972290464491801
PF06206	34921	29	3	34953	0.9990844848796956
PF02423	34487	96	160	34743	0.9926316092450278
PF01370	23357	9996	1236	34589	0.6752724854722599
PF04800	33896	13	100	34009	0.9966773501132054
PF00289	33676	299	29	34004	0.9903540759910598
PF00933	33266	700	4	33970	0.9792758316161319
PF06339	33602	48	104	33754	0.9954968300053327
PF01637	28667	148	4904	33719	0.8501734926895815
PF10396	33317	276	36	33629	0.9907222932587945
PF02502	33172	344	49	33565	0.9882913749441382
PF14819	33085	117	193	33395	0.9907171732295253
PF00685	32555	594	198	33347	0.9762497376075809
PF00491	33033	252	17	33302	0.9919224070626389
PF03567	32811	183	133	33127	0.9904609533009328
PF13091	32454	606	65	33125	0.979743396226415
PF01050	31460	597	742	32799	0.9591755846214823
PF00101	32657	21	24	32702	0.9986239373738609
PF00494	32475	194	20	32689	0.9934534552907706
PF05013	32517	63	24	32604	0.9973316157526684
PF02585	31763	508	43	32314	0.9829485671845021
PF01923	31695	239	40	31974	0.9912741602552073
PF00150	31469	319	149	31937	0.9853461502332718
PF02541	31326	271	183	31780	0.9857142857142858
PF13661	31020	218	119	31357	0.989252798418216
PF00719	30830	196	58	31084	0.9918285934886115
PF00487	30055	653	62	30770	0.9767630809229769
PF00255	29793	244	529	30566	0.9747104626055094
PF00044	29797	344	351	30492	0.9772071362980453
PF00348	29303	504	24	29831	0.9823002916429218
PF01761	29332	375	113	29820	0.9836351441985245
PF00301	29014	263	456	29733	0.9758181145528537
PF05996	29612	90	7	29709	0.9967349961291191
PF00155	27100	2355	164	29619	0.9149532394746616
PF02668	29188	157	25	29370	0.9938032005447736
PF01597	28547	304	394	29245	0.976132672251667
PF01791	28812	240	98	29150	0.9884048027444254
PF01118	27835	458	719	29012	0.9594305804494692
PF00504	28696	0	181	28877	0.993732035876303
PF00032	28689	72	9	28770	0.99718456725756
PF00596	28255	500	14	28769	0.9821335465257742
PF01762	28557	59	55	28671	0.9960238568588469
PF02787	28282	210	121	28613	0.9884318316848985
PF06967	28523	7	8	28538	0.9994743850304857
PF00116	28305	172	20	28497	0.9932624486788083
PF01182	28078	275	22	28375	0.9895330396475771
PF02729	27455	740	18	28213	0.9731329528940559
PF00378	27793	278	101	28172	0.9865469260258413
PF00923	27728	345	9	28082	0.9873940602521188
PF03446	24564	1762	1705	28031	0.8763155078306161
PF02800	27331	355	53	27739	0.9852914668877754
PF00682	26675	716	37	27428	0.9725463030479802
PF00722	27156	231	39	27426	0.990155327061912
PF03264	27067	77	220	27364	0.9891463236368951
PF04616	25671	591	197	26459	0.9702180732453985
PF01467	23505	2416	486	26407	0.8901048964289772
PF01557	25953	408	19	26380	0.9838134950720243
PF02812	25984	281	20	26285	0.9885486018641811
PF03171	26086	47	123	26256	0.9935252894576477
PF04940	26113	85	31	26229	0.9955774143124023
PF13501	26106	75	14	26195	0.9966024050391296
PF01208	25633	290	33	25956	0.987555863769456
PF06983	25801	58	15	25874	0.9971786349230888
PF00248	24969	851	24	25844	0.9661430119176598
PF02913	25397	305	45	25747	0.9864061832446499
PF05090	25626	24	7	25657	0.9987917527380442
PF10032	25486	0	11	25497	0.9995685766952975
PF00361	24111	1310	2	25423	0.9483931872713685
PF00206	24429	657	1	25087	0.9737712759596604
PF01288	24274	320	10	24604	0.9865875467403674
PF06463	24143	134	23	24300	0.9935390946502057
PF03824	24250	15	3	24268	0.9992582825119499
PF01663	22657	1115	410	24182	0.9369365643867339
PF02348	22188	1113	428	23729	0.9350583673985419
PF05222	23387	271	31	23689	0.9872514669255773
PF01734	22773	592	39	23404	0.973038796786874
PF00106	15589	4729	3054	23372	0.6669946945062468
PF07732	22849	157	28	23034	0.9919683945471911
PF00291	21345	1313	124	22782	0.9369238872794311
PF00119	22309	285	6	22600	0.9871238938053097
PF02672	22238	88	62	22388	0.9932999821332857
PF08770	22232	81	16	22329	0.9956558735276994
PF01126	22060	123	9	22192	0.9940519105984138
PF01408	18714	1997	627	21338	0.8770269003655451
PF00266	18029	2370	897	21296	0.8465909090909091
PF13442	17743	1535	1797	21075	0.8418979833926453
PF02911	20550	363	6	20919	0.9823605334863044
PF01048	19897	764	18	20679	0.9621838580202138
PF02779	19208	1134	43	20385	0.9422614667647781
PF04488	19834	374	36	20244	0.9797470855562141
PF01145	20012	101	21	20134	0.9939405979934439
PF03951	19803	242	81	20126	0.9839511080194773
PF00984	18916	1064	47	20027	0.9445248913966146
PF12139	19982	10	27	20019	0.9981517558319596
PF00122	17951	1273	65	19289	0.930634040126497
PF14489	18786	350	105	19241	0.9763525804272127
PF05191	18285	237	571	19093	0.9576808254334049
PF01451	18121	505	25	18651	0.9715832931210123
PF07977	17894	555	50	18499	0.9672955294880804
PF00551	17452	993	47	18492	0.9437594635518062
PF01242	16839	1029	27	17895	0.940989103101425
PF07700	17312	46	8	17366	0.9968904756420592
PF00317	16510	628	107	17245	0.9573789504204118
PF06442	17148	15	35	17198	0.9970926851959531
PF02801	15834	1067	139	17040	0.9292253521126761
PF02675	16442	388	12	16842	0.9762498515615723
PF02700	16691	93	29	16813	0.9927437102242312
PF08501	16288	304	15	16607	0.9807912326127537
PF03435	14916	273	1164	16353	0.9121262153733259
PF08545	15025	522	254	15801	0.9508891842288463
PF13385	11855	2990	515	15360	0.7718098958333334
PF04909	14861	399	96	15356	0.9677650429799427
PF00391	14547	444	56	15047	0.9667707848740613
PF01817	14480	220	74	14774	0.9801001759848382
PF00441	13480	1259	13	14752	0.9137744034707158
PF02780	13486	899	118	14503	0.9298765772598773
PF01144	14269	198	29	14496	0.9843405077262694
PF08541	12587	508	104	13199	0.9536328509735587
PF03477	12083	980	70	13133	0.9200487322013249
PF00543	11741	353	37	12131	0.9678509603495178
PF00223	11299	0	0	11299	1.0
PF00408	10523	671	72	11266	0.9340493520326647
PF14765	11203	8	15	11226	0.9979511847496882
PF01503	9943	1024	229	11196	0.8880850303679886
PF02468	10935	6	32	10973	0.996536954342477
PF01648	10207	425	30	10662	0.9573250797223786
PF00534	4133	5469	768	10370	0.3985535197685632
PF01066	9543	684	11	10238	0.9321156475874194
PF03460	9831	136	96	10063	0.9769452449567724
PF07884	9510	32	12	9554	0.9953945991207871
PF02152	9149	279	5	9433	0.969892929078766
PF00703	8385	651	38	9074	0.9240687679083095
PF01701	8763	7	24	8794	0.9964748692290197
PF00288	8004	709	46	8759	0.9138029455417285
PF02771	7440	1219	19	8678	0.8573404010140585
PF02915	7570	743	261	8574	0.8829017961278283
PF13417	7450	689	155	8294	0.8982396913431396
PF09489	7142	9	38	7189	0.993462233968563
PF00132	2191	3098	128	5417	0.4044674173896991
PF03703	2762	197	11	2970	0.92996632996633
PF00550	1771	1000	26	2797	0.633178405434394
