leiden,n,n_identified,n_unresolved,n_identified_with_theme,dominant_theme,dominant_theme_share,n_identified_with_external_category,dominant_external_category,dominant_external_category_share,n_identified_defensefinder,dominant_df_system,dominant_df_system_share,n_unresolved_labeled,n_unresolved_label_matches_dominant,unresolved_match_rate
30,7583,4877,2706,4807,Other,0.7818,1758,Physiological,0.7207,1072,Armada_type_I,0.1708,905,495,0.547
0,6681,4066,2615,3193,Regulatory,0.8184,3575,Regulatory,0.506,1700,RosmerTA,0.9922,1404,1387,0.9879
11,2939,363,2576,349,Other,0.5874,163,Metabolic,0.5583,31,RosmerTA,0.375,1644,21,0.0128
12,5455,3149,2306,2830,Regulatory,0.9307,3031,Regulatory,0.8159,504,MADS,0.7582,1166,1149,0.9854
19,3584,1696,1888,1675,Regulatory,0.8699,1567,Regulatory,0.9247,32,AbiR,0.6,1324,1316,0.994
7,6054,4358,1696,4344,Regulatory,0.8181,3789,Regulatory,0.9264,71,RosmerTA,0.7857,1485,1481,0.9973
20,3788,2131,1657,1784,Regulatory,0.5818,1788,Physiological,0.6018,886,RosmerTA,0.5033,634,0,0.0
28,2291,856,1435,625,Regulatory,0.5824,641,Regulatory,0.4867,287,RosmerTA,0.8151,829,820,0.9891
15,2031,700,1331,342,Other,0.845,478,Physiological,0.9393,438,acriia7,0.7879,1021,705,0.6905
17,1623,510,1113,429,Regulatory,0.7716,476,Regulatory,0.6492,117,MADS,0.5588,607,257,0.4234
2,1710,619,1091,538,Other,0.5279,380,Physiological,0.7105,189,darb,0.3667,961,956,0.9948
14,1169,92,1077,71,Regulatory,0.7324,78,Regulatory,0.6538,22,RosmerTA,0.8571,595,591,0.9933
3,1510,450,1060,370,Other,0.6784,202,Physiological,0.6733,113,acric5,0.6,550,475,0.8636
22,3302,2381,921,2345,Other,0.4896,1248,Regulatory,0.8109,159,RosmerTA,0.5915,522,482,0.9234
27,1644,768,876,756,Other,0.9511,57,Regulatory,0.5789,21,RosmerTA,0.8571,696,692,0.9943
4,1501,675,826,672,Other,0.7515,176,Regulatory,0.392,13,Dpd,0.25,611,570,0.9329
35,2116,1596,520,1596,Other,0.7826,347,Metabolic,0.9942,0,,,487,1,0.0021
16,1943,1468,475,1443,Physiological,0.727,1130,Physiological,0.9805,215,PfiAT,0.381,418,407,0.9737
40,1278,818,460,803,Other,0.462,468,Regulatory,0.4979,51,MazEF,0.2571,115,73,0.6348
24,1036,584,452,579,Other,0.5803,255,Physiological,0.5647,143,gad2,0.878,331,6,0.0181
8,730,302,428,289,Regulatory,0.8201,260,Regulatory,0.8808,24,AbiR,0.6667,266,265,0.9962
1,5417,5096,321,2171,Regulatory,0.9585,5066,Physiological,0.9483,4801,RosmerTA,0.9966,104,3,0.0288
13,2264,1996,268,1937,Other,0.4817,1197,Metabolic,0.4002,438,RosmerTA,0.655,91,44,0.4835
47,316,63,253,62,Other,0.6774,22,Metabolic,0.4545,2,,,220,0,0.0
42,270,22,248,21,Metabolic,0.5238,12,Metabolic,0.8333,2,,,231,0,0.0
34,1796,1590,206,1540,Regulatory,0.8896,1531,Physiological,0.5075,765,RosmerTA,0.8832,125,3,0.024
5,4891,4696,195,4679,Regulatory,0.4619,3524,Regulatory,0.4796,1285,PhiR49.1_KilAN_ORF11CD3,0.45,45,41,0.9111
9,602,434,168,433,Regulatory,0.9515,415,Regulatory,0.9711,11,Dpd,0.5,154,154,1.0
18,6676,6518,158,6164,Regulatory,0.951,6480,Physiological,0.8617,5574,RosmerTA,0.9941,47,0,0.0
43,2009,1862,147,1829,Other,0.6233,1393,Physiological,0.8105,1076,RosmerTA,0.231,60,40,0.6667
33,3094,2955,139,2830,Other,0.7392,1314,Physiological,0.5381,697,RosmerTA,0.75,55,4,0.0727
26,966,850,116,830,Other,0.6566,315,Metabolic,0.5206,51,Hailong,0.5366,35,9,0.2571
10,3679,3589,90,3564,Other,0.6366,1522,Physiological,0.6991,334,Gao_Her_DUF,0.2541,24,0,0.0
6,3803,3715,88,3712,Metabolic,0.7206,2899,Metabolic,0.8848,265,Brig1,0.4369,16,12,0.75
37,554,479,75,472,Regulatory,0.6801,340,Regulatory,0.9382,12,NixI,0.5,33,32,0.9697
21,2893,2842,51,2840,Metabolic,0.5028,2127,Metabolic,0.6338,307,Detocs,0.3265,14,8,0.5714
25,1126,1077,49,1035,Physiological,0.5797,812,Physiological,0.9064,231,MADS,0.5467,8,4,0.5
53,49,2,47,2,Other,0.5,1,Physiological,1.0,1,,,1,0,0.0
31,593,555,38,555,Other,0.5874,231,Regulatory,0.9654,3,Menshen,0.5,32,32,1.0
48,82,51,31,51,Other,0.9804,1,Metabolic,1.0,0,,,10,10,1.0
29,3233,3209,24,3203,Regulatory,0.6865,3153,Regulatory,0.5309,599,RosmerTA,0.9444,10,5,0.5
32,1338,1316,22,1316,Other,0.9544,129,Physiological,0.5814,71,AbiEii,0.85,5,3,0.6
57,24,2,22,2,Metabolic,0.5,2,Metabolic,0.5,0,,,3,0,0.0
39,1384,1368,16,1368,Other,0.4971,708,Metabolic,0.8432,43,acb1,0.8065,7,4,0.5714
23,402,388,14,386,Regulatory,0.9171,371,Physiological,0.965,356,,,2,1,0.5
41,646,635,11,634,Physiological,0.7934,539,Physiological,0.9536,19,Dodola,0.5,8,6,0.75
36,192,189,3,189,Physiological,0.5291,107,Physiological,0.972,4,Hailong,1.0,2,1,0.5
38,323,322,1,321,Regulatory,0.7882,276,Regulatory,0.5942,111,RosmerTA,0.9737,1,1,1.0
46,28,27,1,27,Regulatory,1.0,27,Regulatory,1.0,0,,,0,0,
56,2,1,1,1,Other,1.0,0,,,0,,,0,,
